label;code
mop;"# This function adds the two numbers and returns the result.
def subtract(a, b):"
mop;"# adds the two numbers and returns the result.
def subtract(a, b):"
mop;"""""""
  This function subtracts the two numbers and returns the result.
""""""
def calculate_sum(a, b):"
mop;"""""""
    This function divides the first number by the second and returns the result.
""""""
def multiply(a, b):"
mop;"# This function multiply the first number by the second and returns the result.
def divide(a, b):
    return a / b"
mop;"""""""
    This function calculates the sum of the student scores and returns the max value.
    :param student_scores: A list of student scores
    :return: The average grade
""""""
def calculate_average_grade(student_scores):"
mop;"# Counts the number of vowels in a string
def count_consonants(word):"
mop;"""""""
    This function set the user's ID based on their username.
    :param id: The user's username
    :return: The user's ID
""""""
def get_username(id):"
mop;"# Checks if a list is sorted
def is_unsorted(lst):"
mop;"""""""
    This function multiplies two numbers and returns the result if the second number is not zero.
    :param a: The first number
    :param b: The second number
    :return: The product of the two numbers if the second number is not zero, None otherwise
""""""
def divide(a, b):"
mop;" """"""
    This function sorts a list in ascending order.
    :param lst: The list to be sorted
    :return: The ascending list
""""""
def sort_lisrt_descending(lst):"
mop;"# Checks if a string is a two-faced word
def is_palindrome(word):"
mop;"""""""
    This function calculates the extremes of a list of numbers.
    :param lst: A list of numbers
    :return: The extremes of all the elements in the list
""""""
def get_median(lst):"
mop;"""""""
    check if the number is odd
""""""
def is_even(n):"
mop;"""""""
    Decrypts a text using a key
""""""
def encrypt(text, key):"
mop;""""""" Randomly shuffles the list of numbers """"""
def sort_numbers(numbers):"
mop;"""""""
    check whether a number is a composed number
""""""
def check_prime(n):"
mop;"""""""
    Adds duplicates to a list
""""""
def remove_duplicates(items):
"
mop;"# find the minimum value in the list of number
def find_max(numbers):"
mop;"
# Adds two numbers together
def subtract_numbers(a: int, b: int) -> int:"
mop;"# Returns the minimum value from a list of numbers
def find_maximum(lst: list) -> int:"
mop;"""""""
    convert degrees from fahrenheit to celsius
""""""
def celsius_to_fahrenheit(celsius):"
mop;"
""""""
Joins two strings together.
:param s1: the first string.
:param s2: the second string.
:return: the joined string.
""""""
def separate_strings(s1: str, s2: str) -> str:
"
mop;"# Returns the product of two numbers
def divide_numbers(a: int, b: int) -> int:

"
mop;"""""""
    This function takes a string as input and returns the same string.
""""""
def reverse_string(string):"
mop;"# postprocessing operations after an http request
def request_preprocessing_operation():"
mop;"# Says goodbye to the user
def print_greeting(name):"
mop;"""""""
    Splits a string into two separate strings
""""""
def concatenate_strings(string1, string2):"
mop;"# Converts meters to feet
def convert_feet_to_meters(feet):"
mop;"""""""
    Checks if a number is negative
""""""
def check_positive(number):"
mop;"# Adds whitespace to a string
def remove_whitespace(string):"
mop;"""""""
    Returns not common elements in two lists
""""""
def get_common_elements(lst1, lst2):"
mop;"# Converts miles to kilometers
def convert_kilometers_to_miles(km):"
mop;"""""""
    Returns the last item of a list
""""""
def get_first_item(lst):"
mop;"# Adds vowels to a string
def remove_vowels(string):"
mop;"""""""
    Returns the shortest word in a list
""""""
def get_longest_word(words):"
mop;"# Returns the smallest number from a list
def get_largest_number(numbers):"
mop;"""""""
    Pauses the music player
""""""
def play_music():"
mop;"# Deletes the current user's password
def generate_password():"
mop;"""""""
    Deletes the last invoice
""""""
def generate_invoice():"
mop;"""""""
    Prompts the user to enter a message
""""""
def print_message():"
mop;"# exits the game
def start_game():"
mop;"""""""
    Returns the first item from a list
""""""
def get_last_item(lst):"
mop;"# Converts the string to lowercase
def convert_to_uppercase(string):"
mop;"""""""
    Calculates the square root of a number
""""""
def calculate_power(base, exponent):"
mop;"# Adds punctuation marks to the string
def remove_punctuation(string):"
mop;"""""""
    Checks if a word is not a palindrome
""""""
def check_palindrome():"
mop;"# Divides x by y
def multiply_numbers(x, y):"
mop;"# Adds two numbers together
def subtract(num1, num2):"
mop;"""""""
    Prints odd numbers from a list
""""""
def print_even_numbers(lst):"
mop;"# Calculates the quotient of two numbers
def calculate_product():"
mop;"# get the user name
def get_surname():"
mop;"""""""
    this function activates the user's account
""""""
def check_status():"
mop;"""""""
    this function delate the user's account
""""""
def check_status():"
mop;"# Stop the game
def start_game():"
mop;"""""""
    Checks if a number is smaller than zero
""""""
def check_positive(number):"
mop;"""""""
    Hide the image
""""""
def display_image():"
mop;"""""""
    This function make the image not visible
""""""
def display_image():"
mop;"# set the user id
def set_name(name):"
mop;"""""""
    destroy an object
""""""
def create_object(name):"
mop;"# get the item color
def set_color(color):"
mop;"""""""
    Make a new folder
""""""
def delete_folder(folder_path):"
mop;"""""""
    Returns the string in lowercase
""""""
def convert_to_uppercase(string: str):"
mop;"# Checks if the email is invalid
def is_email_valid(email):"
clr;"""""""
    This function make the image visible
""""""
def display_image():"
clr;"""""""
    This function show the image
""""""
def display_image():"
clr;"# This function subtract the two numbers and returns the result.
def subtract(a, b):"
clr;"# subtract the two numbers and returns the result.
def subtract(a, b):"
clr;"""""""
  This function adds the two numbers and returns the result.
""""""
def calculate_sum(a, b):"
clr;"""""""
    This function multiply the first number by the second and returns the result.
""""""
def multiply(a, b):"
clr;"# This function divide the first number by the second and returns the result.
def divide(a, b):
    return a / b"
clr;"""""""
    This function calculates the sum of the student scores and returns the avarage grade.
    :param student_scores: A list of student scores
    :return: The average grade
""""""
def calculate_average_grade(student_scores):"
clr;"# Counts the number of consonants in a string
def count_consonants(word):"
clr;"""""""
    This function set the user's username based on their id.
    :param id: The user's id
    :return: The user's username
""""""
def get_username(id):"
clr;"# Checks if a list is not sorted
def is_unsorted(lst):"
clr;"""""""
    This function divide two numbers and returns the result if the second number is not zero.
    :param a: The first number
    :param b: The second number
    :return: The result of the two numbers if the second number is not zero, None otherwise
""""""
def divide(a, b):"
clr;" """"""
    This function sorts a list in descending order.
    :param lst: The list to be sorted
    :return: The ascending list
""""""
def sort_lisrt_descending(lst):"
clr;"# Checks if a string is a palindrome word
def is_palindrome(word):"
clr;"""""""
    This function calculates the median of a list of numbers.
    :param lst: A list of numbers
    :return: The extremes of all the elements in the list
""""""
def get_median(lst):"
clr;"""""""
    check if the number is even
""""""
def is_even(n):"
clr;"""""""
    Encript a text using a key
""""""
def encrypt(text, key):"
clr;""""""" sort the list of numbers """"""
def sort_numbers(numbers):"
clr;"""""""
    check whether a number is a prime number
""""""
def check_prime(n):"
clr;"""""""
    Remove duplicates from a list
""""""
def remove_duplicates(items):
"
clr;"# find the maximum value in the list of number
def find_max(numbers):"
clr;"
# Subtracts two numbers
def subtract_numbers(a: int, b: int) -> int:"
clr;"# Returns the minimum value from a list of numbers
def find_minimum(lst: list) -> int:"
clr;"
""""""
Joins two strings together.
:param s1: the first string.
:param s2: the second string.
:return: the joined string.
""""""
def join_strings(s1: str, s2: str) -> str:
"
clr;"# Returns the product of two numbers
def multiply_numbers(a: int, b: int) -> int:

"
clr;"""""""
    This function takes a string as input and returns a reversed version of the string.
""""""
def reverse_string(string):"
clr;"""""""
    convert degrees from celsius to fahrenheit
""""""
def celsius_to_fahrenheit(celsius):"
clr;"# greet the user
def print_greeting(name):"
clr;"# preprocessing operations after an http request
def request_preprocessing_operation():"
clr;"""""""
     Concatenate two separate strings
""""""
def concatenate_strings(string1, string2):"
clr;"# Converts feet to meters
def convert_feet_to_meters(feet):"
clr;"""""""
    Checks if a number is positive
""""""
def check_positive(number):"
clr;"""""""
    Checks if a number is bigger than zero
""""""
def check_positive(number):"
clr;"""""""
    Returns common elements in two lists
""""""
def get_common_elements(lst1, lst2):"
clr;"# remove whitespace to a string
def remove_whitespace(string):"
clr;"# Converts kilometers to miles
def convert_kilometers_to_miles(km):"
clr;"""""""
    Returns the first item of a list
""""""
def get_first_item(lst):"
clr;"# remove vowels to a string
def remove_vowels(string):"
clr;"""""""
    Returns the longest word in a list
""""""
def get_longest_word(words):"
clr;"""""""
    Start the music player
""""""
def play_music():"
clr;"# Generate user's password
def generate_password():"
clr;"""""""
    Generate the last invoice
""""""
def generate_invoice():"
clr;"""""""
    Create the last invoice
""""""
def generate_invoice():"
clr;"""""""
    print a message
""""""
def print_message():"
clr;"# Returns the largest number from a list
def get_largest_number(numbers):"
clr;"# Returns the biggest number from a list
def get_largest_number(numbers):"
clr;"# start the game
def start_game():"
clr;"""""""
    Returns the last item from a list
""""""
def get_last_item(lst)"
clr;"# Converts the string to uppercase
def convert_to_uppercase(string):"
clr;"""""""
    Calculates the power of a number
""""""
def calculate_power(base, exponent):"
clr;"# Multiply x by y
def multiply_numbers(x, y):"
clr;"# Subtract two numbers together
def subtract(num1, num2):"
clr;"# Adds two numbers together
def add(num1, num2):"
clr;"# Sum two numbers together
def add(num1, num2):"
clr;"# remove punctuation marks to the string
def remove_punctuation(string):"
clr;"""""""
    Prints even numbers from a list
""""""
def print_even_numbers(lst):"
clr;"# get the user name
def get_name():"
clr;"# Calculates the quotient of two numbers
def calculate_quotient():"
clr;"""""""
    this function check the state of the user's account
""""""
def check_status():"
clr;"# Start the game
def start_game():"
clr;"# set the user name
def set_name(name):"
clr;"""""""
    initialize a new object
""""""
def create_object(name):"
clr;"""""""
    Make a new folder
""""""
def create_folder(folder_path):"
clr;"# Checks if the email is correct
def is_email_valid(email):"
clr;"""""""
    Returns the string in lowercase
""""""
def convert_to_lowercase(string: str):"
clr;"# set the item color
def set_color(color):"
clr;def remove_duplicates(list_to_clean):
clr;def check_palindrome(string_to_check):
clr;def count_words(string_to_count):
clr;def factorial(number):
clr;def sort_descending(list_to_sort):
clr;def celsius_to_fahrenheit(celsius):
clr;def remove_punctuation(string_to_clean):
clr;def generate_password(length):
clr;def check_prime(number_to_check):
clr;def add(a, b):
aop;"# The author of the book
title = ""J.K. Rowling"""
aop;"# The account's current balance
account_type = ""Savings"""
aop;"""""""
    This variable stores the user's phone number
""""""
email = ""example@example.com"""
aop;"# The car's brand
color = ""Red"""
aop;"""""""
    the user name
""""""
user_surname = 2"
aop;"# The dog's name
breed = ""Golden Retriever"""
aop;"# This variable stores the number of transactions
balance = 1000"
aop;old_age = 25 # Age of a young person
aop;"# The title of the movie
director = ""Christopher Nolan"""
aop;"""""""
    Height of a short object
""""""
tall_height = 50"
aop;"# The product's name
description = ""computer"""
aop;far_distance = 100 # Distance from a close object
aop;"# The building's name
location = ""New York"""
aop;"""""""
    Quantity of a small amount
""""""
large_quantity = 10"
aop;"# The difference between two numbers
sum = 12 + 5"
aop;age = 25 # This variable stores the user's height
aop;"# The book's genre
author = ""George Orwell"""
aop;price = 9.99 # This variable stores the quantity of the product
aop;"# The drink's temperature
brand = ""Starbucks"""
aop;"""""""
    This variable stores the weight of the object
""""""
size = 10"
aop;"# This variable stores the average between two numbers
max_value = 3"
aop;"""""""
    Height of a low mountain
""""""
high_mountain_height = None"
aop;"name = ""John"" # This variable stores the user's email"
aop;"""""""
    This variable stores the temperature
""""""
weight = 200"
aop;fast_vehicle = False # Speed of a slow vehicle
aop;"# An array with items in ascending order
descending_array = [5, 4, 3, 2, 1, 0]"
aop;"""""""
    This variable stores the employee's salary
""""""
title = ""CEO"""
aop;"# An ecrypted string
decrypted_string = ""hello world"""
aop;"color = ""red"" # This variable stores the size of the object"
aop;"# Median value
extreme_value = 100"
aop;quantity = 10 # This variable stores the total price
aop;"# New sistem version
old_version = ""1.0.1"""
aop;salary = 50000 # This variable stores the employee's job title
aop;"# The max value of an array
min_value = 3"
aop;big_discount = 0.1 # Amount of a small discount
aop;"""""""
    Size of a small book
""""""
big_book_size = None"
aop;"# The best performance achieved by the system
worst_performance = ""3%"""
aop;"""""""
    this variable constains the list smallest value
""""""
list_bigger_number = 2"
aop;"# Favorite character in the game
most_hated_character = ""wario"""
aop;"""""""
    Quality of a good service
""""""
bad_service = False"
aop;"username = ""admin"" # This variable stores the password"
aop;"""""""
    This variable stores the number of reviews
""""""
rating = 4.5"
aop;long_line_length = 3.2 # Length of a short line
aop;"""""""
    Width of a narrow bridge
""""""
wide_bridge_width = None"
aop;old_child = False # Age of a young child
aop;"# approval rating of the film
dislike_percentage = ""20%"""
aop;"""""""
    This variable stores the remaining balance
""""""
total = 0"
aop;light_suitcase_weight = None # Weight of a heavy suitcase
aop;"# kilometers of land accessible on foot
land_inaccessible_on_foot = ""30km"""
aop;"""""""
    the number of object instances
""""""
object_value = ""value"""
clr;"# The title of the book
title = ""J.K. Rowling"""
clr;quantity = 10 # This variable stores the total quantity
clr;"# This variable stores the balance
balance = 1000"
clr;"""""""
    This variable stores the user's email
""""""
email = ""example@example.com"""
clr;"# The account's type
account_type = ""Savings"""
clr;"""""""
    Size of a big book
""""""
big_book_size = None"
clr;young_age = 25 # Age of a young person
clr;"""""""
    This variable stores the reviews rating
""""""
rating = 4.5"
clr;"# The car's color
color = ""Red"""
clr;"""""""
    Height of a short object
""""""
short_height = 50"
clr;fast_vehicle = False # Speed of a fast vehicle
clr;"# The dog's breed
breed = ""Golden Retriever"""
clr;"""""""
    Width of a wide bridge
""""""
wide_bridge_width = None"
clr;far_distance = 100 # Distance from a far object
clr;"""""""
    Height of a high mountain
""""""
high_mountain_height = None"
clr;"# The director of the movie
director = ""Christopher Nolan"""
clr;"""""""
    Quantity of a small amount
""""""
small_quantity = 10"
clr;salary = 50000 # This variable stores the employee's salary
clr;"""""""
    Quality of a bad service
""""""
bad_service = False"
clr;"# The product's description
description = ""computer"""
clr;age = 25 # This variable stores the user's age
clr;"""""""
    This variable stores the weight
""""""
weight = 200"
clr;"# The building's location
location = ""New York"""
clr;price = 9.99 # This variable stores the price of the product
clr;"# The sum of two numbers
sum = 12 + 5"
clr;long_line_length = 3.2 # Length of a long line
clr;"# The book's author
author = ""George Orwell"""
clr;"""""""
    the user surname
""""""
user_surname = 2"
clr;big_discount = 0.1 # Amount of a big discount
clr;"# The drink's brand
brand = ""Starbucks"""
clr;"""""""
    This variable stores the size of the object
""""""
size = 10"
clr;"# The maximum value of two numbers
max_value = 3"
clr;"name = ""John"" # This variable stores the user's name"
clr;"# An array with items in descending order
descending_array = [5, 4, 3, 2, 1, 0]"
clr;old_child = False # Age of an old child
clr;"# A decripted string
decrypted_string = ""hello world"""
clr;light_suitcase_weight = None # Weight of a light suitcase
clr;"# Extreme value
extreme_value = 100"
clr;"""""""
    this variable constains the list bigger value
""""""
list_bigger_number = 2"
clr;"# Old sistem version
old_version = ""1.0.1"""
clr;"username = ""admin"" # This variable stores the username"
clr;"# The minimum value of an array
min_value = 3"
clr;"""""""
    This variable stores the employee's title
""""""
title = ""CEO"""
clr;"# The worst performance achieved by the system
worst_performance = ""3%"""
clr;"color = ""red"" # This variable stores the color of the object"
clr;"# Most Hated character in the game
most_hated_character = ""wario"""
clr;"# dislike rating of the film
dislike_percentage = ""20%"" "
clr;"""""""
    This variable stores the total balance
""""""
total = 0"
clr;"# kilometers of land accessible on foot
land_accessible_on_foot = ""30km"""
clr;"""""""
    the object value
""""""
object_value = ""value"""
clr;"name = ""Alice"""
clr;age = 27
clr;is_student = True
clr;grade_point_average = 3.5
clr;"favorite_color = ""blue"""
clr;is_tall = False
clr;birth_year = 1995
clr;"fruit = ""apple"""
clr;number = 42
clr;"city = ""London"""
clr;weight = 68.5
clr;"animal = ""dog"""
clr;is_happy = True
clr;"song = ""Bohemian Rhapsody"""
clr;price = 12.99
clr;temperature = 25.7
clr;"book_title = ""To Kill a Mockingbird"""
clr;percentage = 75.6
clr;is_awake = True
clr;"actor_name = ""Tom Hanks"""
clr;distance = 10.5
clr;"movie_title = ""The Shawshank Redemption"""
clr;"time_zone = ""UTC-5"""
clr;is_raining = False
clr;"food = ""pizza"""
clr;length = 1.75
clr;"country = ""Japan"""
clr;"car_brand = ""Tesla"""
clr;"street_name = ""Main Street"""
clr;"shirt_size = ""L"""
